<?xml version="1.0" encoding="UTF-8"?>
<Configuration status="debug">
  
    <Appenders>
        <!-- Console Appender -->
        <Console name="Console">
            <PatternLayout pattern="%d{yyyy-MM-dd HH:mm:ss} %-5p %c{1}:%m%n"/>
        </Console>
  
    
        <!-- Rolling File Appender -->
        <RollingFile name="RollingFile" 
                     filePermissions="rw-r--r--"
                     fileOwner="1000"
                     fileGroup="1000">
            <FileName>logs/comms-server-ws-async.log</FileName>
            <FilePattern>logs/size-based-logs/%d{yyyy-MM-dd-hh}-%i.log.zip</FilePattern>
            <PatternLayout>
                <Pattern>%d{yyyy-MM-dd HH:mm:ss} %-5p %c{1}:%m%n</Pattern>
            </PatternLayout>
            <Policies>
                <SizeBasedTriggeringPolicy size="10MB" />
            </Policies>
            <DefaultRolloverStrategy max="10" />
        </RollingFile>    
    
    </Appenders> 
  
    <Loggers>
        <Root level="trace">
            <AppenderRef ref="Console"/>
            <AppenderRef ref="RollingFile" />
        </Root>
    </Loggers>
</Configuration>
